Deutsch	latitude	longitude
Sankt Bernhard, Saint-Bernard, Sànkt Bernhàrd	45.9493830581	4.74276628471
Sankt Peter, Saint-Pierre, Sampeeter	43.9088889412	6.92184591099
Sankt Pilt, Saint-Hippolyte, Sampìlt	44.7257623817	2.58415334807
Sankt Pilt, Saint-Hippolyte, Sampìlt	44.7257623817	2.58415334807
Sennheim, Cernay, Sanne	49.0163802116	0.323907540392
Sankt Pilt, Saint-Hippolyte, Sampìlt	45.2193859021	2.70277477856
Sankt Peter, Saint-Pierre, Sampeeter	45.3953414957	2.38207391325
Sankt Pilt, Saint-Hippolyte, Sampìlt	45.9198703097	-0.905117939333
Sankt Bernhard, Saint-Bernard, Sànkt Bernhàrd	47.1597856871	5.02381955265
Sankt Sebastian, Saint-Sébastien, 	46.3933331691	1.53031685925
Schönenberg, Belmont, (*)	47.2190028003	6.36198595062
Dammerkirch, Dannemarie, Dàmmerkìlch	47.3889972456	6.9000175163
Michelbrunn, Grandfontaine, Grossbrunn	47.1989052804	5.90032789854
Sankt Pilt, Saint-Hippolyte, Sampìlt	47.3121318128	6.81240649339
Sankt Pilt, Saint-Hippolyte, Sampìlt	47.3121318128	6.81240649339
Sennheim, Cernay, Sanne	48.3854124094	1.23047521955
Menglatt, Magny, (*) Màngloot	48.3445190999	1.27019288378
Sankt Peter, Saint-Pierre, Sampeeter	43.6368366534	1.64168080442
Schönenberg, Belmont, (*)	43.6885351272	0.247544246652
Sankt Martin, Saint-Martin, Sàm-Màrte	43.5079691513	0.374354787173
Sankt Pilt, Saint-Hippolyte, Sampìlt	44.8740781768	-0.120995887254
Menglatt, Magny, (*) Màngloot	46.5566903776	1.95895779843
Sankt Pilt, Saint-Hippolyte, Sampìlt	47.0575770677	1.13256849166
Schönenberg, Belmont, (*)	45.4741428026	5.36378238823
Sankt Bernhard, Saint-Bernard, Sànkt Bernhàrd	45.3540745049	5.89883217678
Schönenberg, Belmont, (*)	47.0281412034	5.60483401256
Kestenholz, Châtenois, Keschteholz	47.1503115201	5.54630681574
Sankt Peter, Saint-Pierre, Sampeeter	46.5683636515	5.90301429491
Blen, Plaine, (*)	47.0673907245	-0.628869263252
Sankt Peter, Saint-Pierre, Sampeeter	48.9405334413	4.24555140178
Schönenberg, Belmont, (*)	47.7200699243	5.55533089037
Sankt Moritz, Saint-Maurice, (*)	47.8492351289	5.41520627627
Salzern, Saulxures, (*)	47.955255252	5.57978520657
Sankt Martin, Saint-Martin, Sàm-Màrte	48.571711252	6.74965214111
Luffendorf, Levoncourt, (*) Lüffederf	48.826608488	5.34664441975
Aspach, Aspach, Ààschpi	48.6526727598	6.9670213438
Münster im Elsass, Munster, Mìnschter	48.9087027721	6.89308196735
Sankt Ludwig, Saint-Louis, Saint-Louis	48.710897697	7.1949734352
Sankt Moritz, Saint-Maurice, (*)	47.1123966682	3.56924225444
Sankt Moritz, Saint-Maurice, (*)	45.6705565807	3.23800296875
Sankt Martin, Saint-Martin, Sàm-Màrte	43.1649978865	0.0648650720223
Sankt Pilt, Saint-Hippolyte, Sampìlt	42.806945541	2.97367162246
Achenheim, Achenheim, Àchene	48.58046231	7.62540605297
Adamsweiler, Adamswiller, Àdàmswiller	48.9062078499	7.20176753115
Erlenbach, Albé, Erlebàch	48.3614659809	7.33650221165
Alteckendorf, Alteckendorf, Àltackedorf	48.7944549979	7.59641028848
Altenheim, Altenheim, Àltene	48.7200663423	7.46240989793
Altdorf, Altorf, Àldorf	48.5247239067	7.53898226259
Altweiler, Altwiller, Àltwiller	48.9155179716	6.97971818024
Andlau, Andlau, Àndlöi	48.3907003871	7.38488102933
Artolsheim, Artolsheim, Àrtelse	48.2079373474	7.60004702604
Aschbach, Aschbach, Àschbàch	48.9421865958	7.98028356812
Aßweiler, Asswiller, Àsswiller	48.8805887917	7.224373364
Auenheim, Auenheim, Auenem	48.8090909724	8.01736090911
Avolsheim, Avolsheim, Àvelse	48.5605883589	7.49416534055
Bärendorf, Baerendorf, Bäredorf	48.8306192171	7.08989424787
Balbronn, Balbronn, Bàlwere	48.5825386976	7.40408500338
Baldenheim, Baldenheim, Bàldene	48.2444211	7.53586844634
Barenbach, Barembach, (*) Bàrebàch	48.4670562489	7.24316580425
Barr, Barr, Bàrr	48.4149512356	7.39930438782
Bassenberg, Bassemberg, (*)	48.3359466326	7.27796558319
Batzendorf, Batzendorf, Bàtzedorf	48.7820553601	7.70964609521
Beinheim, Beinheim, Bänem	48.8543766678	8.09164601373
Schöngrund, Bellefosse, (*)	48.39467045	7.23463416375
Schönenberg, Belmont, (*)	48.4104343878	7.25374115024
Benfeld, Benfeld, Banfald	48.3659229092	7.60197338557
Berg, Berg, Bärich	48.8928474217	7.14475787887
Bergbieten, Bergbieten, Baribiete / Biete	48.5771244719	7.4507261973
Bernhardsweiler, Bernardswiller, Batschwiller	48.4473498624	7.45350882919
Bernhardsweiler, Bernardvillé, Batschwiller (ìm Loch)	48.3696169477	7.40684055557
Bernolsheim, Bernolsheim, Banze	48.7529512586	7.68495908894
Berstett, Berstett, Barstett	48.6822332576	7.63237996044
Berstett, Berstett, Barstett	48.6822332576	7.63237996044
Berstett, Berstett, Barstett	48.6822332576	7.63237996044
Berstett, Berstett, Barstett	48.6822332576	7.63237996044
Berstheim, Berstheim, Barschem	48.7926179333	7.67977428284
Bettweiler, Bettwiller, Bättwiller	48.8879941966	7.17495885923
Biblisheim, Biblisheim, Bìwelse	48.8996840866	7.79109308708
Bietlenheim, Bietlenheim, Bietle	48.7204274461	7.7833019212
Bilwisheim, Bilwisheim, Bìlse	48.7100680278	7.66330058564
Bindernheim, Bindernheim, Bìndre	48.2870316499	7.61448549663
Bischheim, Bischheim, Bìsche	48.6215316062	7.75864282518
Bischholz, Bischholtz, Bìscholz	48.8907710974	7.53068422833
Bischofsheim im Elsass, Bischoffsheim, Bìsche	48.4855267183	7.52599035848
Bischweiler, Bischwiller, Bìschwiller	48.7581317312	7.8599836461
Bissert, Bissert, Bìssert	48.9461819262	7.01770386276
Bitschhofen, Bitschhoffen, Bìtschoffe	48.8628351945	7.62438682496
Bläsheim, Blaesheim, Blaase	48.5022035714	7.60873399472
Bliensbach, Blancherupt, (*)	48.4071095997	7.19552856029
Blienschweiler, Blienschwiller, Bleschwiller	48.3454000894	7.41533948904
Börsch, Bœrsch, Bersch	48.4664860323	7.37505113728
Börsch, Bœrsch, Bersch	48.4664860323	7.37505113728
Bösenbiesen, Bœsenbiesen, Biese	48.2261928699	7.56229858754
Bolsenheim, Bolsenheim, Bolsene	48.425239497	7.6039565984
Boofzheim, Boofzheim, Bofze	48.3343650586	7.6782140788
Boozheim, Bootzheim, Booze	48.1932692623	7.58948440794
Bosselshausen, Bosselshausen, Bosselshüse	48.8061717193	7.50878423117
Bossendorf, Bossendorf, Bossedorf	48.781544071	7.56733864822
Burg-Breusch / Breuscheburg, Bourg-Bruche, (*)	48.358768312	7.143716963
Burg-Breusch / Breuscheburg, Bourg-Bruche, (*)	48.358768312	7.143716963
Burgheim, Bourgheim, Burige	48.4192706314	7.48915564819
Buchsweiler, Bouxwiller, Busswiller	48.8172998086	7.46488021539
Buchsweiler, Bouxwiller, Busswiller	48.8172998086	7.46488021539
Buchsweiler, Bouxwiller, Busswiller	48.8172998086	7.46488021539
Buchsweiler, Bouxwiller, Busswiller	48.8172998086	7.46488021539
Buchsweiler, Bouxwiller, Busswiller	48.8172998086	7.46488021539
Buchsweiler, Bouxwiller, Busswiller	48.8172998086	7.46488021539
Buchsweiler, Bouxwiller, Busswiller	48.8172998086	7.46488021539
Buchsweiler, Bouxwiller, Busswiller	48.8172998086	7.46488021539
Breitenau, Breitenau, (*) Braitnöi	48.316132686	7.27931381506
Breitenbach, Breitenbach, Braitebàch	48.374509707	7.28708160963
Breuschwickersheim, Breuschwickersheim, Wickersche	48.578440458	7.59885897998
Brumath, Brumath, Bröömt	48.7204656106	7.71740193625
Büsweiler, Buswiller, Bueswiller	48.8219680597	7.56228814034
Bühl, Buhl, Beel	48.9172713817	8.01562633252
Bühl, Buhl, Bihl	48.9172713817	8.01562633252
Burbach, Burbach, Burbàch	48.8975113337	7.11153585144
Büst, Bust, Bìscht	48.8338084584	7.23455655316
Bütten, Butten, Bìtte	48.9713955937	7.24356966874
Kestenholz, Châtenois, Keschteholz	48.2803314907	7.38582937668
Kleeburg, Cleebourg, Kleeburi	48.9953521897	7.88602873126
Kleeburg, Cleebourg, Kleeburi	48.9953521897	7.88602873126
Klimbach, Climbach, Klimbàch	49.0157843115	7.85030833791
Kolrein, Colroy-la-Roche, (*)	48.39149749	7.17386084704
Koßweiler, Cosswiller, Kosswiller	48.6086737459	7.36224872367
Krastatt, Crastatt, Gràscht	48.6596453708	7.42269000127
Kröttweiler, Crœttwiller, Krappere	48.9315378409	8.03790255661
Dachstein, Dachstein, Dàchstaan	48.553555897	7.54050377618
Dahlenheim, Dahlenheim, Dàhle	48.5882941085	7.51624848746
Dalhunden, Dalhunden, Dalhunde	48.7711698119	7.99159083509
Dambach, Dambach, Dàmbàch	49.0093806397	7.64091899107
Dambach, Dambach, Dàmbàch	49.0093806397	7.64091899107
Dambach, Dambach-la-Ville, Dàmbàch	48.3231725111	7.4269277176
Dangolsheim, Dangolsheim, Dàngelse	48.5647236628	7.45735566784
Daubensand, Daubensand, Düwesànd	48.3518354847	7.72863456174
Dauendorf, Dauendorf, Dàiedorf / Dauedorf	48.833965856	7.66613309742
Dauendorf, Dauendorf, Dàiedorf / Dauedorf	48.833965856	7.66613309742
Dehlingen, Dehlingen, Dählinge	48.9852170965	7.18127401976
Dettweiler, Dettwiller, Dettwiller	48.7608351027	7.45405808317
Diebolsheim, Diebolsheim, Dìwelse	48.2855918549	7.6576330222
Diedendorf, Diedendorf, Dììdedorf	48.887700346	7.02814105959
Diefenbach im Tal, Dieffenbach-au-Val, Diefebach	48.3144024513	7.32599641876
Diefenbach bei Wörth, Dieffenbach-lès-Wœrth, Diefebàch	48.9302435287	7.7944805731
Diefenthal, Dieffenthal, Diefetal	48.3073185385	7.41146997738
Diemeringen, Diemeringen, Dììmeringe	48.9440361875	7.2036576979
Dimbstal, Dimbsthal, Dìmschtel	48.6729223187	7.35414815294
Dingsheim, Dingsheim, Dìngse	48.622536679	7.6607451279
Dinsheim, Dinsheim-sur-Bruche, Dìnse	48.5475535578	7.42402678958
Domfessel, Domfessel, Domfassel	48.9480129452	7.14588876509
Donnenheim, Donnenheim, Dunnene	48.7219425024	7.66278189146
Dorlisheim, Dorlisheim, Dorelse	48.5199427115	7.48035735807
Dossenheim-Kochersberg, Dossenheim-Kochersberg, Doosne	48.6410930657	7.57816691199
Dossenheim, Dossenheim-sur-Zinsel, Duusne	48.814142481	7.37763215457
Drachenbronn-Birlenbach, Drachenbronn-Birlenbach, Dràchebrunn-Bìrlebach	48.9809878964	7.87807854084
Drachenbronn-Birlenbach, Drachenbronn-Birlenbach, Dràchebrunn-Bìrlebach	48.9809878964	7.87807854084
Drulingen, Drulingen, Drulìnge	48.8678721776	7.1949547515
Drusenheim, Drusenheim, Drösem / Drüsenem	48.7609264205	7.94563844601
Dunzenheim, Duntzenheim, Dunzne	48.7134280666	7.54291307036
Düppigheim, Duppigheim, Dìppje	48.5331312304	7.59599375258
Dürningen, Durningen, Dìrnìnge	48.6849651267	7.5618284818
Dürrenbach, Durrenbach, Dìrrebàch	48.8992737853	7.76279300097
Durstel, Durstel, Durschtel	48.8910133304	7.20487622199
Düttelnheim, Duttlenheim, Dìttle	48.5240740255	7.57056635367
Eberbach bei Selz, Eberbach-Seltz, Äwerbàch	48.928540065	8.0666092873
Ebersheim, Ebersheim, Awersche	48.3024348713	7.49845782701
Ebersmünster, Ebersmunster, Awerschmìnster	48.3033027968	7.53361664193
Eckartsweiler, Eckartswiller, Eckertswiller	48.7796438355	7.32419357331
Eckbolsheim, Eckbolsheim, Eckelse	48.5790053064	7.68216295597
Eckwersheim, Eckwersheim, Eckbersche	48.6852852896	7.69634796304
Eichhofen im Elsass, Eichhoffen, Äschhoffe	48.3784061586	7.4410649341
Elsenheim, Elsenheim, Else	48.1655800689	7.49719724328
Wangenburg-Engenthal, Wangenbourg-Engenthal, Wàngeburi-Angedààl	48.6212665024	7.30505408726
Wangenburg-Engenthal, Wangenbourg-Engenthal, Wàngeburi-Angedààl	48.6212665024	7.30505408726
Wangenburg-Engenthal, Wangenbourg-Engenthal, Wàngeburi-Angedààl	48.6212665024	7.30505408726
Wangenburg-Engenthal, Wangenbourg-Engenthal, Wàngeburi-Angedààl	48.6212665024	7.30505408726
Wangenburg-Engenthal, Wangenbourg-Engenthal, Wàngeburi-Angedààl	48.6212665024	7.30505408726
Engweiler, Engwiller, Angwìller	48.8817152403	7.61563175479
Enzheim, Entzheim, Anze	48.5358846915	7.63324537487
Epfig, Epfig, Apfig	48.3513757902	7.47140926627
Erkartsweiler, Erckartswiller, Erkertswiller	48.8829392855	7.35746524699
Ergersheim, Ergersheim, Arische	48.5755353252	7.53497410967
Ernolsheim, Ernolsheim-Bruche, Arelse	48.5637542939	7.56903301628
Ernolsheim, Ernolsheim-lès-Saverne, Arelse	48.7888603168	7.37728426045
Erstein, Erstein, Eerstain	48.4213687934	7.68523629922
Erstein, Erstein, Eerstain	48.4213687934	7.68523629922
Eschau, Eschau, Aschöi	48.4832295386	7.72955536654
Eschbach, Eschbach, Eschbàch	48.8758347944	7.73863882524
Eschburg, Eschbourg, Eschburi	48.8226852369	7.29080380579
Eschburg, Eschbourg, Eschburi	48.8226852369	7.29080380579
Eschweiler, Eschwiller, Eschwiller	48.8576773931	7.11098433701
Ettendorf, Ettendorf, Attedorf	48.8151610201	7.58546708674
Eyweiler, Eywiller, Äiwiller	48.8716690735	7.12428089902
Fegersheim, Fegersheim, Fajersche	48.4974401666	7.68863317258
Fegersheim, Fegersheim, Fajersche	48.4974401666	7.68863317258
Fessenheim, Fessenheim-le-Bas, Fassne	48.6322069438	7.54708136376
Flexburg, Flexbourg, Flagschburi	48.5682741101	7.424259657
Forstfeld, Forstfeld, Forschfald	48.8631078852	8.04746930377
Forstheim, Forstheim, Forschem	48.8959541759	7.71097392643
Fort-Louis, Fort-Louis, For-Lui	48.7987310184	8.05261384918
Grube im Weilertal, Fouchy, (*) Grüeb	48.316102651	7.24660740823
Urbach a.d. Breusch, Fouday, (*)	48.420716241	7.19048475836
Friedolsheim, Friedolsheim, Freedelse	48.7070325284	7.48727340354
Friesenheim, Friesenheim, Friesene	48.3090804747	7.65396070706
Fröschweiler, Frœschwiller, Freschwiller	48.93840535	7.71886241494
Frohmühl, Frohmuhl, Frohmìl	48.9113095227	7.27923351719
Furchhausen, Furchhausen, Furichhüse	48.7204949919	7.43041510079
Fürdenheim, Furdenheim, Fìrne	48.6105637831	7.55789773047
Gambsheim, Gambsheim, Gàmbse	48.6923110768	7.8840878201
Geispolsheim, Geispolsheim, Gäispìtze	48.5143463092	7.65806561244
Gerstheim, Gerstheim, Geerschte	48.3807788366	7.70453174528
Gertweiler, Gertwiller, Gertwiller	48.4115755061	7.47499866604
Geudertheim, Geudertheim, Gaiderte	48.7154836732	7.76052070487
Görlingen, Gœrlingen, Geerlinge	48.7987678214	7.08515641917
Görsdorf, Gœrsdorf, Gerschdorf	48.9590667268	7.77360094456
Görsdorf, Gœrsdorf, Gerschdorf	48.9590667268	7.77360094456
Gottenhausen, Gottenhouse, Gottehüse	48.7180135851	7.35834197528
Gottesheim, Gottesheim, Gottsne	48.7757972428	7.48107091135
Gugenheim, Gougenheim, Gööne	48.704527352	7.57535025275
Goxweiler, Goxwiller, Gogschwiller	48.4309239256	7.48344951435
Michelbrunn, Grandfontaine, Grossbrunn	48.4986116178	7.12869750968
Grassendorf, Grassendorf, Gràssedorf	48.8148050236	7.61013928029
Grendelbruch, Grendelbruch, Grandelbrüech	48.4812263837	7.30476049546
Greßweiler, Gresswiller, Grasswiller	48.5249899072	7.40991098161
Gries, Gries, Gries	48.7513621625	7.82473437694
Griesheim bei Molsheim, Griesheim-près-Molsheim, Griese	48.5020356636	7.53113191824
Griesheim, Griesheim-sur-Souffel, Griese	48.6334125597	7.6733957235
Gumprechtshofen, Gumbrechtshoffen, Gumbertshoffe	48.9027833028	7.62074781132
Gundershofen, Gundershoffen, Gunderschoffe	48.9073472641	7.68204357189
Gundershofen, Gundershoffen, Gunderschoffe	48.9073472641	7.68204357189
Gundershofen, Gundershoffen, Gunderschoffe	48.9073472641	7.68204357189
Gundershofen, Gundershoffen, Gunderschoffe	48.9073472641	7.68204357189
Günstett, Gunstett, Gunstett	48.9150746894	7.77903805347
Gungweiler, Gungwiller, Gungwiller	48.8780997481	7.15256188284
Hägen, Haegen, Haaje / Haage	48.7056354976	7.29766137398
Hagenau, Haguenau, Hàwenau / Hàjenöi	48.8417047695	7.83010404968
Hagenau, Haguenau, Hàwenau / Hàjenöi	48.8417047695	7.83010404968
Hagenau, Haguenau, Hàwenau / Hàjenöi	48.8417047695	7.83010404968
Handschuheim, Handschuheim, Hänsche / Hansche	48.5993989361	7.57721727962
Hangenbieten, Hangenbieten, Hàngebiete	48.55700945	7.61194013862
Harskirchen, Harskirchen, Hàschkìech	48.9237270109	7.02630342331
Hatten, Hatten, Hàtte	48.8939645842	8.00687514269
Hattmatt, Hattmatt, Hàttmàtt	48.7854804933	7.4364304189
Hegeney, Hegeney, Hajenai	48.8880984199	7.73980226806
Heidolsheim, Heidolsheim, Haidelse	48.2041501521	7.51093457658
Heiligenberg, Heiligenberg, Hellebari	48.5371724214	7.37789459868
Heiligenstein, Heiligenstein, Heljestään	48.4220772866	7.44087809076
Hengweiler, Hengwiller, Hangwiller	48.6676339453	7.328558621
Herbitzheim, Herbitzheim, Herzum	49.0221359155	7.08178967712
Herbsheim, Herbsheim, Herbse	48.3494389579	7.63675054527
Herlisheim, Herrlisheim, Harelse	48.7325109113	7.91012947405
Hessenheim, Hessenheim, Hesse	48.2054418574	7.55188432622
Hilsenheim, Hilsenheim, Hìlse	48.2969573251	7.57311937757
Hindisheim, Hindisheim, Hìndse	48.465896683	7.62196229958
Hinsburg, Hinsbourg, Hìnschburi	48.902016302	7.29622114102
Hinsingen, Hinsingen, Hinsìnge	48.9511717259	6.99896336486
Hipsheim, Hipsheim, Hìpse	48.4655967531	7.68015819425
Hirschland, Hirschland, Hìrschland	48.8360079859	7.12394256542
Hochfelden, Hochfelden, Huffalde	48.7558373026	7.56312887309
Hochstett, Hochstett, Heestett	48.7757655741	7.67684396609
Hönheim, Hœnheim, Heene	48.6242068412	7.75365666565
Hördt, Hœrdt, Herdt	48.6905674036	7.78483478217
Hofen, Hoffen, Hoffe	48.9330135449	7.93276702942
Hofen, Hoffen, Hoffe	48.9330135449	7.93276702942
Hofen, Hoffen, Hoffe	48.9330135449	7.93276702942
Hohengöft, Hohengœft, Hohgäft	48.6607527966	7.46742297306
Hohfrankenheim, Hohfrankenheim, Huhfrànkne	48.7286774647	7.58079540705
Holzheim, Holtzheim, Holze	48.5567634132	7.64425286816
Hunspach, Hunspach, Hunschpàch	48.9578637227	7.93587412104
Hürtigheim, Hurtigheim, Hírrige	48.6171752515	7.6034009548
Hüttendorf, Huttendorf, Hìttedorf	48.801101142	7.63868407812
Hüttenheim, Huttenheim, Hìttene	48.3537686447	7.57534532611
Ichtratzheim, Ichtratzheim, Ischterze	48.47895733	7.67769353417
Illkirch-Grafenstaden, Illkirch-Graffenstaden, ìllkìrich-Gràffestàde	48.5200498962	7.73129588098
Ingenheim, Ingenheim, ìngne	48.7336224941	7.52591364727
Ingolsheim, Ingolsheim, ìngelse	48.9708439784	7.92975610012
Ingweiler, Ingwiller, ìngwiller	48.8859131079	7.46918832697
Innenheim, Innenheim, ìnnle	48.4975444021	7.57352976158
Issenhausen, Issenhausen, Issehüse	48.8042772362	7.53366478397
Ittenheim, Ittenheim, Ittene	48.6017514577	7.60509580501
Ittersweiler, Itterswiller, Itterschwiller	48.3665982092	7.42936455525
Neugartheim-Ittlenheim, Neugartheim-Ittlenheim, Neierte-ìttle	48.6565369611	7.5414687691
Neugartheim-Ittlenheim, Neugartheim-Ittlenheim, Neierte-ìttle	48.6565369611	7.5414687691
Neugartheim-Ittlenheim, Neugartheim-Ittlenheim, Neierte-ìttle	48.6565369611	7.5414687691
Jettersweiler, Jetterswiller, Jetterschwiller	48.6697366716	7.41745177343
Kaltenhausen, Kaltenhouse, Kàltehüse	48.7902364903	7.83303517468
Kauffenheim, Kauffenheim, Kafem	48.854005833	8.03199767746
Keffenach, Keffenach, Keffenàch	48.9666217259	7.88352123291
Kerzfeld, Kertzfeld, Kerzfald	48.3845479788	7.55526368096
Keskastel, Keskastel, Kàschel	48.9764095589	7.062926056
Kesseldorf, Kesseldorf, Kesseldorf	48.8843920264	8.05901750428
Kienheim, Kienheim, Kiene	48.6881585203	7.58568269941
Kilstett, Kilstett, Kilstett	48.6835701227	7.84577121429
Kindweiler, Kindwiller, Kìndwìller	48.8612754447	7.59545058526
Kinzheim, Kintzheim, Kìnze	48.2585880501	7.37432236249
Kirchheim, Kirchheim, Kìriche	48.6059106052	7.48884201445
Kirberg, Kirrberg, Kieberich	48.8301802352	7.06430672642
Kirweiler, Kirrwiller, Kìrrwiller	48.8202222605	7.52643377824
Kleingöft, Kleingœft, Klängäft	48.6939893775	7.44201331166
Knörsheim, Knœrsheim, Knersche	48.6796467865	7.45825135776
Kogenheim, Kogenheim, Koiene	48.331885522	7.53140383573
Kolbsheim, Kolbsheim, Kolbse	48.5621490705	7.58621736954
Krautergersheim, Krautergersheim, Krüterrische	48.475170055	7.56554119438
Krautweiler, Krautwiller, Krütwiller	48.739166546	7.67482992477
Kriegsheim, Kriegsheim, Kriejse	48.7567867136	7.73549910611
Kurzenhausen, Kurtzenhouse, Kurzehüse	48.7372858241	7.80514291468
Küttolsheim, Kuttolsheim, Kìttelse	48.6478359715	7.51923399394
Kutzenhausen, Kutzenhausen, Kutzehüse	48.9388573117	7.8491381943
Kutzenhausen, Kutzenhausen, Kutzehüse	48.9388573117	7.8491381943
Laach oder Lach, Lalaye, (*) Lààch	48.3386901777	7.23525154111
Laach oder Lach, Lalaye, (*) Lààch	48.3386901777	7.23525154111
Lampertheim, Lampertheim, Làmperte	48.6551039655	7.69405052062
Lampertsloch, Lampertsloch, Làmpertschloch	48.9704665444	7.82012664257
Landersheim, Landersheim, Làndersche	48.6902190893	7.50257928239
Langensulzbach, Langensoultzbach, Làngesulzbàch	48.9742908393	7.73045198292
Laubach, Laubach, Laubàch	48.8796848057	7.71816160797
Lauterburg, Lauterbourg, Lüterburi	48.9637116345	8.18637725776
Lembach, Lembach, Lämbàch	49.0124690471	7.768432419
Lembach, Lembach, Lämbàch	49.0124690471	7.768432419
Leutenheim, Leutenheim, Littenem	48.851706744	8.00007828567
Lichtenberg, Lichtenberg, Lììschteburi	48.9218797672	7.48346810796
Limersheim, Limersheim, Limersche	48.4538179541	7.63089115629
Lingolsheim, Lingolsheim, Lìngelse	48.5544875852	7.68093840708
Lipsheim, Lipsheim, Lìpse	48.4893768866	7.65665864812
Littenheim, Littenheim, Littne	48.7252115785	7.49295380466
Lixhausen, Lixhausen, Lìxhüse	48.7942598149	7.55588673552
Lobsann, Lobsann, Lüsann	48.9632390551	7.84358548339
Lochweiler, Lochwiller, Lochwiller	48.6974249676	7.414828958
Lohr, Lohr, Lohr	48.854674328	7.26417699771
Lorenzen, Lorentzen, Loränze	48.9570762629	7.18176816001
Lupstein, Lupstein, Lupschte	48.7379650718	7.47592816068
Lützelhausen, Lutzelhouse, Lìtzelhüse	48.5376842701	7.24174255302
Mackenheim, Mackenheim, Màckene	48.1826180117	7.58253183432
Mackweiler, Mackwiller, Mackwiller	48.9249078232	7.16638709797
Männolsheim, Maennolsheim, Mannelse	48.6975871317	7.47193118415
Meisengott, Maisonsgoutte, Maisegott	48.3535462593	7.25920729014
Meisengott, Maisonsgoutte, Maisegott	48.3535462593	7.25920729014
Markolsheim, Marckolsheim, Màrkelse	48.1496222393	7.56101805973
Marlenheim, Marlenheim, Mààrle	48.6190542828	7.50589211094
Maursmünster, Marmoutier, Màschmìnschter	48.694247484	7.37099677128
Matzenheim, Matzenheim, Màtzene	48.3845019495	7.63534088675
Matzenheim, Matzenheim, Màtzene	48.3845019495	7.63534088675
Meistratzheim, Meistratzheim, Mäischterze	48.4525286856	7.56113902632
Melsheim, Melsheim, Malse	48.763931845	7.51498324586
Memmelshofen, Memmelshoffen, Mammelshoffe	48.9589782972	7.87192314443
Menchhofen, Menchhoffen, Manischoffe	48.8636588921	7.49803716008
Merkweiler-Pechelbronn, Merkwiller-Pechelbronn, Merikwiller-Beschelbrunn	48.9286722006	7.8291529606
Merkweiler-Pechelbronn, Merkwiller-Pechelbronn, Merikwiller-Beschelbrunn	48.9286722006	7.8291529606
Merzweiler, Mertzwiller, Merzwiller	48.8703439948	7.68546930616
Mietesheim, Mietesheim, Mietsem	48.8761605476	7.64658563349
Minversheim, Minversheim, Mìnversche	48.7842778125	7.62414913788
Mittelbergheim, Mittelbergheim, Mìttelbarige	48.3941967219	7.44334636249
Mittelhausbergen, Mittelhausbergen, Mìttelhüsbarje	48.6144088918	7.69388360837
Mittelschäffolsheim, Mittelschaeffolsheim, Mìttelschafelse	48.6973385181	7.6517496049
Mollkirch, Mollkirch, Mollkìrich	48.5058373844	7.36568374858
Molsheim, Molsheim, Molse	48.5447196161	7.4995001297
Mommenheim, Mommenheim, Mummle	48.7558742576	7.64983524171
Monsweiler, Monswiller, Monswiller	48.7521963056	7.38626447438
Bad Morsbronn, Morsbronn-les-Bains, Morschbrunn	48.9099424	7.73456137399
Morschweiler, Morschwiller, Morschwìller	48.8194129618	7.62944925979
Mothern, Mothern, Modere	48.9397726908	8.15250691524
Mühlbach an der Breusch, Muhlbach-sur-Bruche, Meelbàch	48.5125214509	7.31212371742
Mühlhausen b. Zabern, Mulhausen, Mielhüse	48.8864927658	7.55485958914
Münchhausen, Munchhausen, Minichhause	48.9149378138	8.14501372175
Mundolsheim, Mundolsheim, Mundelse	48.6395028241	7.71495900977
Mussig, Mussig, Müssig	48.2266111578	7.51848492236
Müttersholz, Muttersholtz, Mieterschulz	48.2687190251	7.53306592763
Müttersholz, Muttersholtz, Mieterschulz	48.2687190251	7.53306592763
Mutzenhausen, Mutzenhouse, Mutzehüse	48.7409950821	7.5889236459
Mutzig, Mutzig, Mützig	48.538054845	7.45530315563
Natzweiler, Natzwiller, Nàswil	48.4477521389	7.25122799667
Nehweiler, Neewiller-près-Lauterbourg, Nawiller	48.9516989257	8.11931601006
Gereuth, Neubois, Grit	48.3028817341	7.3176285572
Neuhäusel, Neuhaeusel, Neihisel	48.8185397229	8.09241128897
Neukirch, Neuve-Église, Neikìrich	48.3261151153	7.31059686746
Neuweiler, Neuviller-la-Roche, (*)	48.4309499766	7.26437049524
Neuweiler, Neuviller-la-Roche, (*)	48.4309499766	7.26437049524
Neuweiler, Neuwiller-lès-Saverne, Neiwiller	48.8271341455	7.36606572186
Bad Niederbronn, Niederbronn-les-Bains, Nìderbrunn	48.9638157112	7.63986093383
Niederhaslach, Niederhaslach, ìngerhosle	48.5356531709	7.35017404112
Niederhausbergen, Niederhausbergen, Nìderhüsbarje	48.6233090076	7.70515748809
Niederlauterbach, Niederlauterbach, Niderlauterbach	48.971274266	8.10526672897
Niedermodern, Niedermodern, Nìdermodere	48.8407663139	7.63538850073
Niederehnheim, Niedernai, Nìdernahn	48.4456110275	7.53064650952
Niederrödern, Niederrœdern, Nìderreddere	48.912896258	8.05241114765
Niederschäffolsheim, Niederschaeffolsheim, Nìderschafelse	48.7725031726	7.74386109493
Niedersulzbach, Niedersoultzbach, Nìdersulzbach	48.8506235374	7.4715582868
Niedersteinbach, Niedersteinbach, Nìderstanbach	49.0382020834	7.71349059998
Nordheim, Nordheim, Nààrde	48.6396017162	7.50080829789
Nordhausen, Nordhouse, Nààrds	48.4472243918	7.68558012653
Nothalten, Nothalten, Nuutelt	48.3556520235	7.41160208554
Obenheim, Obenheim, Owene	48.3562350534	7.68497044431
Betschdorf, Betschdorf, Batschdorf	48.893487303	7.92255309446
Betschdorf, Betschdorf, Batschdorf	48.893487303	7.92255309446
Betschdorf, Betschdorf, Batschdorf	48.893487303	7.92255309446
Betschdorf, Betschdorf, Batschdorf	48.893487303	7.92255309446
Oberbronn, Oberbronn, Owerbrunn	48.9380836461	7.59665709278
Oberdorf-Spachbach, Oberdorf-Spachbach, Owerdorf-Spàchbàch	48.9274480651	7.76852769166
Oberhaslach, Oberhaslach, Ewerhosle	48.5685057118	7.29548789735
Oberhausbergen, Oberhausbergen, Ìwerhüsbàrje	48.6073002945	7.68309913156
Oberhofen, Oberhoffen-lès-Wissembourg, Owerhoffe	49.0107628213	7.91451933272
Oberhofen an der Moder, Oberhoffen-sur-Moder, Ewerhoffe	48.7801040272	7.88738513222
Oberhofen an der Moder, Oberhoffen-sur-Moder, Ewerhoffe	48.7801040272	7.88738513222
Oberlauterbach, Oberlauterbach, Owerlauterbàch	48.9448114402	8.06578726125
Obermodern-Zutzendorf, Obermodern-Zutzendorf, Owermodre-Zutzedorf	48.8479068198	7.54015464948
Obermodern-Zutzendorf, Obermodern-Zutzendorf, Owermodre-Zutzedorf	48.8479068198	7.54015464948
Obermodern-Zutzendorf, Obermodern-Zutzendorf, Owermodre-Zutzedorf	48.8479068198	7.54015464948
Oberehnheim, Obernai, Ewernahn	48.4593467321	7.48006434701
Oberrödern, Oberrœdern, Owerreddere	48.9271368909	7.97102967191
Oberschäffolsheim, Oberschaeffolsheim, Schafelse	48.5919169259	7.64608858988
Seebach, Seebach, Seebàch	48.9644209228	7.99028108589
Seebach, Seebach, Seebàch	48.9644209228	7.99028108589
Seebach, Seebach, Seebàch	48.9644209228	7.99028108589
Obersulzbach, Obersoultzbach, Owersulzbach	48.851369071	7.44768959028
Obersteinbach, Obersteinbach, Owerstanbach	49.0379940706	7.67309796819
Odrazheim, Odratzheim, Oderze	48.6001350338	7.48985443833
Örmingen, Oermingen, Ermìnge	48.9984271369	7.11950944283
Offendorf, Offendorf, Offedorf	48.7148337726	7.92739646265
Offweiler, Offwiller, Offwìller	48.917321847	7.5423120492
Ohlungen, Ohlungen, Ohlunge	48.8121908123	7.69421854068
Ohlungen, Ohlungen, Ohlunge	48.8121908123	7.69421854068
Ohnenheim, Ohnenheim, Uune	48.1873821568	7.50382215032
Olwisheim, Olwisheim, Olse	48.6977790108	7.67388730631
Orschweiler, Orschwiller, Orschwiller	48.2472141611	7.35466655979
Osthofen, Osthoffen, Oschthoffe	48.590139334	7.56183969821
Osthausen, Osthouse, Ohscht	48.394273648	7.65078439355
Ostwald, Ostwald, Oschwàld	48.5471323955	7.70760430953
Otterstal, Ottersthal, Otterschdal	48.7589616687	7.34210158035
Ottersweiler, Otterswiller, Otterschwiller	48.7226898525	7.37894754782
Ottrott, Ottrott, Ottrott	48.4434374839	7.36707935429
Ottweiler, Ottwiller, Ottwiller	48.8634372221	7.22875830656
Petersbach, Petersbach, Peterschbàch	48.8771297882	7.27203976424
Pfalzweier, Pfalzweyer, Pfàlzweier	48.8087234106	7.25966087365
Pfülgriesheim, Pfulgriesheim, Filgriese	48.6443318607	7.6650628557
Blen, Plaine, (*)	48.4242524376	7.136828953
Blen, Plaine, (*)	48.4242524376	7.136828953
Blen, Plaine, (*)	48.4242524376	7.136828953
Plombsheim, Plobsheim, Plobse	48.4612697761	7.73493123238
Preuschdorf, Preuschdorf, Prischdorf	48.9468559983	7.80368021275
Prinzheim, Printzheim, Prìnze	48.7920916691	7.47697747581
Puberg, Puberg, Puberich	48.9155823913	7.30719707129
Quatzenheim, Quatzenheim, Zwàtzne	48.6274123136	7.57602311143
Rangen, Rangen, Rànge	48.6722666371	7.4769068152
Roggensbach, Ranrupt, (*)	48.3735594187	7.19531631799
Ratzweiler, Ratzwiller, Rotschwiller	48.9511834886	7.25526644462
Rauweiler, Rauwiller, Ruuwiller	48.8098418508	7.11166295825
Reichsfeld, Reichsfeld, Risfald	48.3632176114	7.38013240259
Reichshofen, Reichshoffen, Risshoffe	48.9374738141	7.67524392533
Reichshofen, Reichshoffen, Risshoffe	48.9374738141	7.67524392533
Reichstett, Reichstett, Richstett	48.6474873068	7.75703020685
Reinhardsmünster, Reinhardsmunster, Neiderfel	48.6824887091	7.29960945429
Reipertsweiler, Reipertswiller, Rippertswiller	48.9475831775	7.44744692113
Retschweiler, Retschwiller, Retschwiller	48.9509410927	7.8859650468
Reutenburg, Reutenbourg, Riteburi	48.6821850405	7.40817008946
Rexingen, Rexingen, Rexinge	48.9055663204	7.17766752759
Rheinau, Rhinau, Rhinài	48.3122226913	7.70444455631
Richtolsheim, Richtolsheim, Rìchtelse	48.2238657703	7.60386287362
Riedselz, Riedseltz, Ridselz	48.9891485983	7.94873374892
Rimsdorf, Rimsdorf, Rìmschdroff	48.9288350756	7.11724868007
Ringeldorf, Ringeldorf, Rìngeldorf	48.8291827005	7.60614758961
Ringendorf, Ringendorf, Rìngendorf	48.8101089087	7.55595222549
Rittershoffen, Rittershoffen, Ritterschoffe	48.892173968	7.97014656337
Röschwoog, Rœschwoog, Reschwuch	48.8228673826	8.04052812469
Rohr, Rohr, Ruur	48.6932332205	7.53580119117
Rohrweiler, Rohrwiller, Rowiller	48.7499197158	7.90265116944
Romansweiler, Romanswiller, Rumedswiller	48.6407597718	7.38032558505
Roppenheim, Roppenheim, Roppenem	48.837297524	8.06719387329
Rosenweiler, Rosenwiller, Rosewiller	48.5087284504	7.42577148597
Rosheim, Rosheim, Roose	48.490413735	7.41207007733
Rossfeld, Rossfeld, Rossfald	48.3321360807	7.61305399839
Rosteig, Rosteig, Roschtai	48.9319268767	7.33608226075
Rothau, Rothau, (*) Ruudöi	48.447644633	7.2070541855
Rothbach, Rothbach, Ruubach	48.9053776455	7.51101928675
Rott, Rott, Rott (Unterelsass)	49.0192487801	7.90612997261
Rottelsheim, Rottelsheim, Rottelse	48.759113126	7.71180608722
Runzenheim, Rountzenheim, Runzenem	48.8214167109	7.99834154891
Russ, Russ, (*) Rüss	48.485644468	7.26907262122
Russ, Russ, (*) Rüss	48.485644468	7.26907262122
Russ, Russ, (*) Rüss	48.485644468	7.26907262122
Saal, Saales, (*)	48.3516658281	7.11035100405
Saasenheim, Saasenheim, Sààse	48.239955028	7.62929125209
Sässolsheim, Saessolsheim, Saselse	48.7083552317	7.51301777212
Sankt Blasius, Saint-Blaise-la-Roche, (*)	48.4073616064	7.17386676722
Sankt Johann bei Zabern, Saint-Jean-Saverne, Sànt Johànn	48.7782167422	7.3556231734
Sankt Martin, Saint-Martin, Sàm-Màrte	48.3498144162	7.28574653524
Sankt Moritz, Saint-Maurice, (*)	48.3329201616	7.33527285146
Sankt Nabor, Saint-Nabor, Sant Nawer	48.4414538675	7.41761781742
Sankt Peter, Saint-Pierre, Sampeeter	48.3845643843	7.46512483546
Sankt Petersholz, Saint-Pierre-Bois, Sàm Peterschulz	48.3357426244	7.36372911449
Sankt Petersholz, Saint-Pierre-Bois, Sàm Peterschulz	48.3357426244	7.36372911449
Salmbach, Salmbach, Sàlembàch	48.9761241768	8.07012964746
Sand, Sand, Sànd	48.3775481773	7.61937437402
Saarunion, Sarre-Union, Buckenum	48.9451866571	7.08863161456
Saarwerden, Sarrewerden, Sààrwerde	48.9076740897	7.07306614237
Saarwerden, Sarrewerden, Sààrwerde	48.9076740897	7.07306614237
Saarwerden, Sarrewerden, Sààrwerde	48.9076740897	7.07306614237
Salzern, Saulxures, (*)	48.3924491684	7.1235892563
Zabern, Saverne, Zàwere	48.7402250066	7.34206238199
Zabern, Saverne, Zàwere	48.7402250066	7.34206238199
Zabern, Saverne, Zàwere	48.7402250066	7.34206238199
Schäffersheim, Schaeffersheim, Schafersche	48.4340220417	7.61316826135
Schaffhausen an der Zorn, Schaffhouse-sur-Zorn, Schaffhüse	48.7338365703	7.55662870926
Schaffhausen bei Selz, Schaffhouse-près-Seltz, Schàffhöise	48.9121321004	8.08967677055
Schalkendorf, Schalkendorf, Schàlkedorf	48.8369254712	7.56834375318
Berheim-Irmstett, Scharrachbergheim-Irmstett, Barige-ìrmstett	48.5896337884	7.4902817682
Berheim-Irmstett, Scharrachbergheim-Irmstett, Barige-ìrmstett	48.5896337884	7.4902817682
Scheibenhard, Scheibenhard, Schaiwert	48.9694902772	8.14441884715
Scherlenheim, Scherlenheim, Scharle	48.7660880313	7.53344245942
Scherweiler, Scherwiller, Scherwiller	48.2952491317	7.41512520333
Scherweiler, Scherwiller, Scherwiller	48.2952491317	7.41512520333
Schillersdorf, Schillersdorf, Schìllerschdorf	48.8709974146	7.52392906348
Schiltigheim, Schiltigheim, Schìlige	48.6118660258	7.74408199334
Schirmeck, Schirmeck, Schirmeck	48.4922866758	7.19802185316
Schirmeck, Schirmeck, Schirmeck	48.4922866758	7.19802185316
Schirrhein, Schirrhein, Schirain / Schiran	48.7957460013	7.91694869062
Schirrhofen, Schirrhoffen, Schirroft / Schirroffe	48.8069986345	7.92537675508
Schleithal, Schleithal, Schlatel	48.9866877882	8.03245786047
Schnersheim, Schnersheim, Schnarsche	48.6601653977	7.56876364377
Schnersheim, Schnersheim, Schnarsche	48.6601653977	7.56876364377
Schnersheim, Schnersheim, Schnarsche	48.6601653977	7.56876364377
Schönau, Schœnau, Scheenài	48.2260065064	7.65066673603
Schönburg, Schœnbourg, Scheenburi	48.8335988956	7.26601140557
Schönenburg, Schœnenbourg, Scheeneburi	48.9503956142	7.91692156596
Schopperten, Schopperten, Schopperte	48.9475398723	7.05381254412
Schweighausen im Elsass, Schweighouse-sur-Moder, Schwaighüse	48.8172159239	7.7377298253
Schweinheim, Schwenheim, Schwäne	48.7149255569	7.41004083904
Schwindratzheim, Schwindratzheim, Schwìngelse	48.765401982	7.60282147839
Schwobsheim, Schwobsheim, Schwobse	48.2365028477	7.57432904061
Schlettstadt, Sélestat, Schlettstàdt	48.2481136279	7.46224896454
Selz, Seltz, Selz	48.8938553051	8.10498682501
Sermersheim, Sermersheim, Sarmersche	48.3443357629	7.55277785563
Sessenheim, Sessenheim, Sasem / Sasene	48.7952349211	7.98061145834
Siegen, Siegen, Sije	48.957145226	8.03962378793
Sieweiler, Siewiller, Sììwiller	48.8414802623	7.20492965057
Silzheim, Siltzheim, Sìlze	49.061608516	7.09081368964
Solbach, Solbach, Solbàch	48.4311691709	7.19975808177
Suffelweyersheim, Souffelweyersheim, Süffelwirsche	48.6319311688	7.74194727065
Sufflenheim, Soufflenheim, Süfflum	48.8085682655	7.95676945015
Sulzbad, Soultz-les-Bains, Sulz	48.5676100551	7.47820560302
Sulz unterm Wald, Soultz-sous-Forêts, Sulz	48.9461642075	7.87359864642
Sulz unterm Wald, Soultz-sous-Forêts, Sulz	48.9461642075	7.87359864642
Sparsbach, Sparsbach, Spàrschbàch	48.8795880756	7.40029606816
Stattmatten, Stattmatten, Stàttmàtte	48.794852744	8.01771717593
Steige, Steige, (*) Stai	48.3628206219	7.22974408388
Steinburg, Steinbourg, Staiweri	48.7639649052	7.41351196572
Steinselz, Steinseltz, Stanselz	49.0050564823	7.92824415815
Still, Still, Stìll	48.5666223105	7.36640588547
Stotzheim, Stotzheim, Stotze	48.3757768768	7.50674742372
Straßburg, Strasbourg, Stroosburi	48.5712679849	7.76752679517
Straßburg, Strasbourg, Stroosburi	48.5712679849	7.76752679517
Straßburg, Strasbourg, Stroosburi	48.5712679849	7.76752679517
Struth, Struth, Struth	48.8951838329	7.26857056944
Stundweiler, Stundwiller, Stundwiller	48.9244859775	7.99641194102
Stutzheim-Offenheim, Stutzheim-Offenheim, Stìtze-Offne	48.6266854677	7.62711611103
Stutzheim-Offenheim, Stutzheim-Offenheim, Stìtze-Offne	48.6266854677	7.62711611103
Sundhausen, Sundhouse, Sundhüse	48.2550723499	7.63031906582
Surburg, Surbourg, Sürburi	48.9102568228	7.83566149848
Thal bei Drulingen, Thal-Drulingen, Dààl	48.9123489426	7.13788332344
Thal bei Maursmünster, Thal-Marmoutier, Dààl	48.6960773859	7.34056735881
Thal bei Maursmünster, Thal-Marmoutier, Dààl	48.6960773859	7.34056735881
Thal bei Maursmünster, Thal-Marmoutier, Dààl	48.6960773859	7.34056735881
Thannweiler, Thanvillé, Dawiller	48.3253039558	7.34853223079
Tieffenbach, Tieffenbach, Diefebàch	48.9024013107	7.24423915317
Tränheim, Traenheim, Draane	48.5940735838	7.46515518656
Triembach, Triembach-au-Val, Driembàch	48.3434265529	7.33416002911
Trimbach, Trimbach, Drimbàch	48.9403737526	8.01823156218
Truchtersheim, Truchtersheim, Trüdersche	48.6564842295	7.61650465885
Truchtersheim, Truchtersheim, Trüdersche	48.6564842295	7.61650465885
Truchtersheim, Truchtersheim, Trüdersche	48.6564842295	7.61650465885
Uhlweiler, Uhlwiller, Ühlwìller	48.8202578689	7.67470803749
Uhlweiler, Uhlwiller, Ühlwìller	48.8202578689	7.67470803749
Uhrweiler, Uhrwiller, Örwìller	48.8809856779	7.57978326718
Urbeis, Urbeis, (*) Urwais	48.3323782294	7.20301847743
Urmatt, Urmatt, Ürmott	48.5390014537	7.29527991151
Uttenheim, Uttenheim, Üetene	48.4140516502	7.59572846761
Uttenhofen, Uttenhoffen, Ötehoffe	48.8931983162	7.64472103816
Uttweiler, Uttwiller, Üetwiller	48.8464668751	7.49650290601
Walf, Valff, Vàlf	48.4221033053	7.52644718944
Valff, Valff, Vàlf	48.4221033053	7.52644718944
Vendenheim, Vendenheim, Vangene	48.6674524477	7.73934378443
Weiler, Villé, Willer	48.3429794644	7.30342869358
Völlerdingen, Vœllerdingen, Vellerdìnge	48.9716431163	7.13658791217
Volksberg, Volksberg, Volkschburi	48.940471202	7.29797593831
Wahlenheim, Wahlenheim, Wàhle	48.7659087091	7.68693403664
Walburg, Walbourg, Wàlburi	48.8857093075	7.78279699588
Waldersbach, Waldersbach, Wàlderschbàch	48.4178454688	7.21830400487
Waldhambach, Waldhambach, Hàmbàch	48.9271512817	7.2306707984
Waldolwisheim, Waldolwisheim, Wololse	48.734237181	7.4372618571
Waltenheim an der Zorn, Waltenheim-sur-Zorn, Wàltene	48.7430310189	7.62201950135
Wangen, Wangen, Wànge	48.6188684237	7.46340283895
Wasselnheim, Wasselonne, Wàssle	48.6388786162	7.44230441985
Wasselnheim, Wasselonne, Wàssle	48.6388786162	7.44230441985
Weinburg, Weinbourg, Wimburi	48.8716635138	7.44076815738
Weislingen, Weislingen, Wislìnge	48.9192784207	7.25784429593
Weitbruch, Weitbruch, Widbrüech	48.7621242565	7.78027504315
Weitersweiler, Weiterswiller, Witerschwiller	48.8549695809	7.40901430205
Westhofen im Elsaß, Westhoffen, Weschthoffe	48.6050551631	7.41483819754
Westhausen, Westhouse, Wesch	48.4068133604	7.57239597333
Westhausen b. Maursmünster, Westhouse-Marmoutier, Weschthüse	48.6858047247	7.45416585837
Weyer, Weyer, Weier	48.858764489	7.16208154442
Weyersheim, Weyersheim, Wirsche	48.7165328229	7.83088991844
Wickersheim-Wilshausen, Wickersheim-Wilshausen, Wickersche	48.7815411023	7.53331362139
Wickersheim-Wilshausen, Wickersheim-Wilshausen, Wickersche	48.7815411023	7.53331362139
Wildersbach, Wildersbach, (*) Wìlderschbàch	48.4358512521	7.22390399237
Willgottheim, Willgottheim, Wìlde	48.6735628136	7.51567430993
Willgottheim, Willgottheim, Wìlde	48.6735628136	7.51567430993
Wilwisheim, Wilwisheim, Wìlse	48.753708765	7.49990047042
Wimmenau, Wimmenau, Wimmenau	48.9213776191	7.42020495369
Windstein, Windstein, Wìndstain	48.9912433394	7.69559951845
Windstein, Windstein, Wìndstain	48.9912433394	7.69559951845
Wingen, Wingen, Wìnge	49.0391731666	7.81446231798
Wingen, Wingen, Wìnge	49.0391731666	7.81446231798
Wingen an der Moder, Wingen-sur-Moder, Wìnge	48.9254902407	7.37022391783
Wintershausen, Wintershouse, Wìnterschhüse	48.796262357	7.70641296219
Winzenbach, Wintzenbach, Wìnzebàch	48.9320980019	8.10430684085
Winzenheim-Kochersberg, Wintzenheim-Kochersberg, Wìnzne	48.6578223701	7.50786446733
Wisch, Wisches, (*)	48.5121595612	7.21702183927
Wisch, Wisches, (*)	48.5121595612	7.21702183927
Wisch, Wisches, (*)	48.5121595612	7.21702183927
Weißenburg, Wissembourg, Waisseburch / Wisseburi	49.0184562539	7.96174575912
Weißenburg, Wissembourg, Waisseburch / Wisseburi	49.0184562539	7.96174575912
Weißenburg, Wissembourg, Waisseburch / Wisseburi	49.0184562539	7.96174575912
Witternheim, Witternheim, Wìttre	48.3134249965	7.6177163093
Wittersheim, Wittersheim, Wìttersche	48.7801634182	7.65461502349
Wittisheim, Wittisheim, Wìttse	48.2630616091	7.59069438607
Wiwersheim, Wiwersheim, Wiwersche	48.6379420012	7.59735898171
Wörth an der Sauer, Wœrth, Werth	48.9412737008	7.74416394777
Wolfisheim, Wolfisheim, Wolfze	48.5869426788	7.66313638698
Wolfskirchen, Wolfskirchen, Wolfskìrich	48.8758422712	7.08071824299
Wolschheim, Wolschheim, Wolsche	48.706871713	7.45128183005
Wolxheim, Wolxheim, Wolixe	48.5703058902	7.5074599373
Wolxheim, Wolxheim, Wolixe	48.5703058902	7.5074599373
Zehnacker, Zehnacker, Zehnàcker	48.670402343	7.45043435206
Zeinheim, Zeinheim, Zäine	48.6785745127	7.48842740498
Zellweiler, Zellwiller, Zallwiller	48.3992469094	7.51120403542
Zinsweiler, Zinswiller, Zìnswìller	48.9161140099	7.58112323048
Zittersheim, Zittersheim, Zìttersche	48.9007208521	7.33743606824
Zöbersdorf, Zœbersdorf, Zäwerschdorf	48.7949132154	7.52344592585
Algolsheim, Algolsheim, Àlgelse	48.0034942953	7.54980840525
Altenach, Altenach, Àltenàch	47.6017527449	7.10896561686
Altkirch, Altkirch, Àltkìrech	47.6210336538	7.24484329622
Ammerschweier, Ammerschwihr, Ammerschwihr	48.119478992	7.25998332176
Ammerschweier, Ammerschwihr, Ammerschwihr	48.119478992	7.25998332176
Bernweiler, Bernwiller, Barnwiller	47.6926147527	7.16944522071
Andolsheim, Andolsheim, Àndelse	48.0652206217	7.43654259206
Appenweiher, Appenwihr, Àppewihr	48.0252709837	7.45257417009
Arzenheim, Artzenheim, Ààrze	48.1150139228	7.54242627283
Aspach, Aspach, Ààschpi	47.6424583561	7.23328777965
Niederaspach, Aspach-le-Bas, Neederàschbàch	47.7664940616	7.15106009452
Attenschweiler, Attenschwiller, Àtteschwìller	47.5678328744	7.46912969155
Altweier, Aubure, Altwihr	48.204266087	7.21127661313
Baldersheim, Baldersheim, Bàldersche	47.7990452233	7.41601212469
Balgau, Balgau, Bàlgäu	47.9272368478	7.53211500774
Ballersdorf, Ballersdorf, Bàllerschdorf	47.6201402497	7.15603615606
Balschweiler, Balschwiller, Bàlschwìller	47.6733286773	7.16339567268
Balschweiler, Balschwiller, Bàlschwìller	47.6733286773	7.16339567268
Balzenheim, Baltzenheim, Bàlze	48.0987704391	7.55258087773
Banzenheim, Bantzenheim, Bànzene	47.8222082924	7.50289765703
Bartenheim, Bartenheim, Bàrtene	47.6362849044	7.4885344409
Bartenheim, Bartenheim, Bàrtene	47.6362849044	7.4885344409
Battenheim, Battenheim, Bàttene	47.818845544	7.41535259558
Bebelnheim, Beblenheim, Bawle	48.1591484173	7.34155964145
Baronsweiler, Bellemagny, (*) Baretswiller	47.6903963579	7.05935022603
Bendorf, Bendorf, Banderf	47.4845658206	7.2774077888
Bennweier, Bennwihr, Bànnwihr	48.1394469818	7.33981544547
Bennweier, Bennwihr, Bànnwihr	48.1394469818	7.33981544547
Berenzweiler, Berentzwiller, Barezwiller	47.5810125043	7.38725131168
Bergheim, Bergheim, Barige	48.2125964008	7.35786517874
Bergholz, Bergholtz, Bargholz	47.9204515287	7.2473083241
Bergholz-Zell, Bergholtzzell, Bargholzzàll	47.9270613981	7.22577933017
Bernweiler, Bernwiller, Barnwiller	47.7001534046	7.1910425266
Berrweiler, Berrwiller, Barrwiller	47.8459225933	7.21845369299
Bettendorf, Bettendorf, Batterf	47.5833339186	7.28390346765
Bettlach, Bettlach, Bättlàch	47.511555294	7.42254471079
Biederthal, Biederthal, Bierthel	47.4709691234	7.43560956506
Biesheim, Biesheim, Biese	48.0504323482	7.53680970912
Bilzheim, Biltzheim, Bìlze	47.9624598517	7.36950245681
Bischweier, Bischwihr, Bìschwihr	48.0933356673	7.42793671425
Bisel, Bisel, Bìsel	47.53847364	7.22083949332
Bitschweiler, Bitschwiller-lès-Thann, Bitschwiller	47.8268493029	7.06896787479
Blodelsheim, Blodelsheim, Blodelse	47.8835902429	7.52612797828
Blotzheim, Blotzheim, Blohze	47.6041661694	7.49467481081
Bollweiler, Bollwiller, Bollwiller	47.854030178	7.25159464138
Niederburbach, Bourbach-le-Bas, Neederburbàch	47.7727515199	7.05308714247
Oberburbach, Bourbach-le-Haut, Ewerburbàch	47.7983331125	7.03017652946
Buchsweiler, Bouxwiller, Busswiller	47.5041559244	7.34056015721
Buchsweiler, Bouxwiller, Busswiller	47.5041559244	7.34056015721
Brückensweiler, Bréchaumont, Bruckedswiller	47.6646087858	7.05590134955
Breitenbach, Breitenbach-Haut-Rhin, Bräitebàch	48.0110195796	7.10491597545
Bretten, Bretten, Bratte	47.7056292411	7.0643418397
Brinkheim, Brinckheim, Brìnke	47.6210927169	7.45833574797
Brubach, Bruebach, Bruebi	47.700432424	7.35849105232
Bütweiler, Buethwiller, Büethwiller	47.6601180217	7.13595818077
Bühl, Buhl, Beel	47.9243546086	7.17962229088
Bühl, Buhl, Bihl	47.9243546086	7.17962229088
Niederburnhaupt, Burnhaupt-le-Bas, Neederburnhaipt	47.7164544837	7.15440584349
Oberburnhaupt, Burnhaupt-le-Haut, Ewerburnhaipt	47.7343429793	7.12813648171
Buschweiler, Buschwiller, Büschwìller	47.5567551191	7.49825587796
Karspach, Carspach, Karschbach	47.6224935398	7.19502984795
Sennheim, Cernay, Sanne	47.7945078153	7.17932820409
Eichwald, Chalampé, Schàlàmpi	47.8321259921	7.54929893347
Colmar, Colmar, Colmer	48.1099405789	7.38468690323
Ottendorf, Courtavon, (*) Ottederf	47.4694045712	7.20007884538
Dammerkirch, Dannemarie, Dàmmerkìlch	47.6251404599	7.12181938903
Dessenheim, Dessenheim, Dassene	47.9735592224	7.48193458989
Diefmatten, Diefmatten, Diefmàtte	47.7060797698	7.10092606116
Dietweiler, Dietwiller, Dietwiller	47.7010678326	7.42599778593
Dollern, Dolleren, Dollere	47.7961632915	6.91934613041
Durlinsdorf, Durlinsdorf, Deerlersterf	47.4919501348	7.23379893851
Durmenach, Durmenach, Dìrmene	47.5262001607	7.33850450335
Dürrenenzen, Durrenentzen, Dìrrenanze	48.0949092632	7.50887366008
Eglingen, Eglingen, Eglìnge	47.6565496554	7.18346024257
Egisheim, Eguisheim, Exe	48.0371183049	7.30052876111
Ellbach, Elbach, Albach	47.6424317944	7.06940948194
Emlingen, Emlingen, Emlìnge	47.627841475	7.29119379488
Sankt Bernhard, Saint-Bernard, Sànkt Bernhàrd	47.665884637	7.20435846737
Sankt Bernhard, Saint-Bernard, Sànkt Bernhàrd	47.665884637	7.20435846737
Ensisheim, Ensisheim, Anze	47.8530628657	7.37246514573
Eschbach im Tal, Eschbach-au-Val, Eschbe im Dàl	48.0218694285	7.1465502338
Eschenzweiler, Eschentzwiller, Aschedswiller	47.7097157075	7.39173125323
Welschensteinbach, Eteimbes, (*) Welschestaibach	47.7059397365	7.04282420421
Falkweiler, Falkwiller, Fàlkwiller	47.6808376844	7.1296631306
Feldbach, Feldbach, Falbe	47.5339340394	7.25619803671
Feldkirch, Feldkirch, Faldkìrech	47.8564873154	7.27311359047
Felleringen, Fellering, Falleri	47.9157234129	6.95863361019
Felleringen, Fellering, Falleri	47.9157234129	6.95863361019
Pfirt, Ferrette, Pfìrt	47.4935597154	7.3158338091
Fessenheim, Fessenheim, Fassene	47.9099263761	7.53198557441
Fislis, Fislis, Feeslis	47.5137490196	7.38210815031
Flachslanden, Flaxlanden, Flàxlànde	47.6920814143	7.32559027655
Volkensberg/Folgensburg, Folgensbourg, Folgeschburg	47.5385121748	7.44187031126
Fortschweier, Fortschwihr, Fortschwihr	48.0854227132	7.4520020595
Franken, Franken, Frànke	47.5945824627	7.35367569573
Urbach b. Kaysersberg, Fréland, (*) Ürbach	48.1836015307	7.18808543159
Friesen, Friesen, Friese	47.5615367356	7.15172348131
Fröningen, Frœningen, Frehnige	47.6951501354	7.25691494942
Füllern, Fulleren, Fìllere	47.5915166873	7.15765946964
Galfingen, Galfingue, Gàlfìnge	47.7038424637	7.22128198778
Geishausen, Geishouse, Gaishüse	47.8886591699	7.07169057683
Geispitzen, Geispitzen, Gaispìtze	47.6738405843	7.43812251633
Geiswasser, Geiswasser, Geisswàsser	47.9780603798	7.60554789815
Gildweiler, Gildwiller, Gìldwìller	47.6967983198	7.14022952947
Goldbach-Altenbach, Goldbach-Altenbach, Golbàch-Àltebàch	47.8792538738	7.10493674734
Goldbach-Altenbach, Goldbach-Altenbach, Golbàch-Àltebàch	47.8792538738	7.10493674734
Gommersdorf, Gommersdorf, Gummerschdorf	47.6413930168	7.13299368757
Griesbach im Tal, Griesbach-au-Val, Grischbe im Dàl	48.0293037675	7.1719566301
Grussenheim, Grussenheim, Grüsse	48.1464465778	7.49149736481
Geberschweier, Gueberschwihr, Gawerschwihr	48.0068225604	7.25975546236
Gebweiler, Guebwiller, Gawiller	47.9096692207	7.21013500007
Gemar, Guémar, Geemàr	48.1941685271	7.41475007829
Gevenatten, Guevenatten, Gavenàtt	47.6827031934	7.08344025468
Gewenheim, Guewenheim, Gaiwene	47.7499350784	7.09127523458
Gundolsheim, Gundolsheim, Gungelse	47.9283813908	7.29831896796
Gunsbach, Gunsbach, Gìnschbe	48.0614208106	7.16506568008
Habsheim, Habsheim, Hàbse	47.726261392	7.43344571206
Hagenbach, Hagenbach, Hàgebàch	47.6457240743	7.16160529294
Niederhagenthal, Hagenthal-le-Bas, Neederhàgethàl	47.5308980609	7.48185417828
Oberhagenthal, Hagenthal-le-Haut, Oberhàgethàl	47.5192935701	7.45588624848
Hartmannsweiler, Hartmannswiller, Hàrtmànnswiller	47.8595424228	7.1992146478
Hattstatt, Hattstatt, Hàttschet	48.0147694216	7.27362142833
Hausgauen, Hausgauen, Hüsgaie	47.6037839946	7.31760111595
Hecken, Hecken, Hecke	47.6935000401	7.11527633282
Hegenheim, Hégenheim, Hagene	47.5611004781	7.52631404841
Heidweiler, Heidwiller, Haidwìller	47.6568601238	7.23377297694
Heimersdorf, Heimersdorf, Haimersdorf	47.563206505	7.23667862006
Heimsbrunn, Heimsbrunn, Hemschprung	47.7248268389	7.21972228432
Heiteren, Heiteren, Haitre	47.9616184488	7.54628533058
Heiweiler, Heiwiller, Haiwìller	47.6233403616	7.32325966254
Helfrantskirch, Helfrantzkirch, 	47.6042771391	7.41446012187
Helfranzkirch, Helfrantzkirch, Halfrànzchìlech	47.6042771391	7.41446012187
Herlisheim, Herrlisheim-près-Colmar, Herrlese	48.0190918794	7.32531342644
Häsingen, Hésingue, Häsige	47.579283771	7.51544273738
Hettenschlag, Hettenschlag, Hetteschlàg	48.0076759842	7.456998109
Hindlingen, Hindlingen, Hìndlìnge	47.5703946445	7.14196837188
Hirsingen, Hirsingue, Hìrsinge	47.5891425411	7.25204087522
Hirzbach, Hirtzbach, Hìrzbàch	47.5906206548	7.20843110407
Hirzfelden, Hirtzfelden, Hìrzfalde	47.9099477204	7.44697509823
Hochstatt, Hochstatt, Huuscht	47.7093051072	7.26674678515
Hohrod, Hohrod, Hohrod	48.063242328	7.13261807916
Homburg, Hombourg, Humburg	47.7566036089	7.49041917296
Horburg-Weier, Horbourg-Wihr, Horwrig-Wihr	48.08274524	7.40392986791
Horburg-Weier, Horbourg-Wihr, Horwrig-Wihr	48.08274524	7.40392986791
Hausen, Houssen, Hüssa / Hùza	48.1315690762	7.37459864544
Haussen, Houssen, Hüse	48.1315690762	7.37459864544
Hunaweier, Hunawihr, Hunewihr	48.1824285926	7.30403809307
Hundsbach, Hundsbach, Hundsbe	47.5983071682	7.3366232805
Hüningen, Huningue, Hìnige	47.5888753858	7.58124251727
Häusern, Husseren-les-Châteaux, Hìsre	48.0364791705	7.27810251549
Hüsseren-Wesserling, Husseren-Wesserling, Hüser-Wasserlìng	47.8799580401	6.98624722904
Illfurt, Illfurth, ìllfert	47.6759898554	7.26634202969
Illhäusern, Illhaeusern, ìllhìsre	48.1803388942	7.45176839753
Illzach, Illzach, Ìllzig	47.7734992	7.36011136903
Illzach, Illzach, Ìllzig	47.7734992	7.36011136903
Ingersheim, Ingersheim, ìngersche	48.1014572023	7.31053680908
Isenheim, Issenheim, Ìsene	47.9036358846	7.25786972805
Jebsheim, Jebsheim, Jebse	48.1233748841	7.48080925093
Jettingen, Jettingen, Jettige	47.5961368894	7.37922389442
Jungholz, Jungholtz, Jungholz	47.8885904335	7.18875486257
Kappeln, Kappelen, Chàppele	47.6138112548	7.44104846641
Katzenthal, Katzenthal, Kàtzedàl	48.1067132118	7.28187124195
Kembs, Kembs, Chems	47.6793674876	7.50063130465
Kembs, Kembs, Chems	47.6793674876	7.50063130465
Kiffis, Kiffis, Chìfis	47.4413533077	7.35699873313
Kingersheim, Kingersheim, Kìngersche	47.7889765168	7.32299335222
Kirchberg, Kirchberg, Kìrechbarg	47.7864018539	6.93996072996
Knöringen, Knœringue, Knehrige	47.5631849343	7.40195763137
Köstlach, Kœstlach, Chäschli	47.5117644426	7.2711596241
Kötzingen, Koetzingue, Ketzige	47.6485508091	7.39253593441
Krüt, Kruth, Krit	47.9508833751	6.96310163389
Kunheim, Kunheim, Kuene	48.0770763292	7.54694950755
Zell, Labaroche, (*) Barosch	48.1102898888	7.19554860246
Landser, Landser, Làndser	47.6869832437	7.3847569882
Schnierlach, Lapoutroie, (*) Schnierlach	48.1597717593	7.15907651893
Largizen, Largitzen, Làrgìtze	47.561066335	7.19235370252
Lautenbach, Lautenbach, Lütebàch	47.9527349295	7.16433010313
Lautenbach, Lautenbach, Lütebàch	47.9527349295	7.16433010313
Lautenbach, Lautenbach, Lütebàch	47.9527349295	7.16433010313
Lautenbachzell, Lautenbachzell, Lütebàchzall	47.9254894792	7.09657685658
Lautenbachzell, Lautenbachzell, Lütebàchzall	47.9254894792	7.09657685658
Au, Lauw, d Ài	47.7620734612	7.02156776589
Leimbach, Leimbach, Laimbàch	47.792882847	7.09615660086
Luffendorf, Levoncourt, (*) Lüffederf	47.4471429458	7.1934953379
Leimen, Leymen, Layme	47.5003880526	7.48444885931
Liebensweiler, Liebenswiller, Liebedswìller	47.5010138727	7.4504371497
Liebsdorf, Liebsdorf, Liebsderf	47.4789687972	7.2231472766
Leberau, Lièpvre, (*) Laweröi	48.2678392398	7.27599094644
Lüxdorf, Ligsdorf, Lìgschderf	47.4667364645	7.30073437395
Linsdorf, Linsdorf, Lìnschderf	47.5150509459	7.40642698338
Linthal, Linthal, Lìntel	47.951973745	7.09406827161
Logelnheim, Logelheim, Logele	48.021228018	7.41870993146
Lützel, Lucelle, Lìtzel	47.4379498341	7.27615283484
Lümschweiler, Luemschwiller, Lüemschwìller	47.6576144506	7.29703045483
Gottesthal-Luttern, Valdieu-Lutran, (*) Grüene-Lüttre	47.6265524313	7.05577643274
Gottesthal-Luttern, Valdieu-Lutran, (*) Grüene-Lüttre	47.6265524313	7.05577643274
Luttenbach bei Münster, Luttenbach-près-Munster, Lüttebà bi Mìnschter	48.0152724586	7.12389564467
Lutter, Lutter, Lütter	47.4578548286	7.37180651285
Lutterbach, Lutterbach, Lütterbàch	47.7610968864	7.27261262553
Menglatt, Magny, (*) Màngloot	47.605758042	7.04676110392
Niedermagstatt, Magstatt-le-Bas, Màschgetz	47.6388902604	7.41296468612
Obermagstatt, Magstatt-le-Haut, Obermàschgetz	47.6271826488	7.39456060175
Malmerspach, Malmerspach, Màlmerschbàch	47.8597012807	7.0228099709
Manspach, Manspach, Mànschbàch	47.6116259818	7.0925498257
Merzen, Mertzen, Merze	47.586907289	7.12919776559
Merxheim, Merxheim, Marxe	47.9093933635	7.30167546188
Metzeral, Metzeral, Matzeràl	47.9978920505	7.02528063902
Meienheim, Meyenheim, Maiene	47.915595397	7.37703268493
Nieder-Michelbach, Michelbach-le-Bas, Needermìchelbàch	47.5936254129	7.46476536443
Ober-Michelbach, Michelbach-le-Haut, Obermìchelbàch	47.5627694258	7.43780573745
Mittel-Weier, Mittelwihr, Mìttelwihr	48.1506188794	7.31071233803
Mittlach, Mittlach, Mìttlàch	47.9945265472	7.02013274266
Mitzach, Mitzach, Mìtzàch	47.8611986942	6.99775039385
Mörnach, Mœrnach, Merne	47.5098929884	7.24557465368
Mollau, Mollau, Mollo	47.8586174298	6.96580213544
Jungmünsterol, Montreux-Jeune, (*) Jungmìnschtràl	47.6042120757	7.02432974787
Altmünsterol, Montreux-Vieux, (*) Àltmìnschtràl	47.6201798388	7.02170889357
Niederlarg (Teil von Mooslarg), Mooslargue, Moos-Neederlàrg	47.5112217629	7.21307892037
Moos (Teil von Mooslarg), Mooslargue, Moos-Neederlàrg	47.5112217629	7.21307892037
Mooslarg, Mooslargue, Moos-Neederlàrg	47.5112217629	7.21307892037
Niederlarg (Teil von Mooslarg), Mooslargue, Moos-Neederlàrg	47.5112217629	7.21307892037
Moos (Teil von Mooslarg), Mooslargue, Moos-Neederlàrg	47.5112217629	7.21307892037
Mooslarg, Mooslargue, Moos-Neederlàrg	47.5112217629	7.21307892037
Moosch, Moosch, Mohsch	47.8478706578	7.03007710689
Niedermorschweiler, Morschwiller-le-Bas, Needermorschwìller	47.7341232071	7.26513847748
Muspach, Muespach, Müeschbe	47.5496649857	7.37287618717
Muspach, Muespach, Müeschbe	47.5496649857	7.37287618717
Obermüspach, Muespach-le-Haut, Obermüeschbe	47.5402727782	7.4094886662
Mühlbach im Elsaß, Muhlbach-sur-Munster, Mìlbe	48.028840895	7.07080984321
Mülhausen, Mulhouse, Milhüüsa	47.749163303	7.32570047509
Mülhausen, Mulhouse, Milhüüsa	47.749163303	7.32570047509
Mülhausen, Mulhouse, Milhüüsa	47.749163303	7.32570047509
Mülhausen, Mulhouse, Milhüüsa	47.749163303	7.32570047509
Münchhausen, Munchhouse, Mìnkhüse	47.8570621759	7.4479017375
Münster im Elsass, Munster, Mìnschter	48.0448514207	7.14149744282
Munzenheim, Muntzenheim, Munze	48.1008840089	7.46904401123
Munweiler, Munwiller, Munwiller	47.9342627737	7.34739203519
Murbach, Murbach, Müerbàch	47.9168443337	7.13399961465
Nambsheim, Nambsheim, Nàmbse	47.9414821541	7.5652223292
Neu-Breisach, Neuf-Brisach, Nej-Brisàch	48.0183924755	7.52784741678
Neu-Weiler, Neuwiller, Neiwìller	47.5243158787	7.5127533777
Niederenzen, Niederentzen, Neederanze	47.9454596765	7.39795037001
Niederhergheim, Niederhergheim, Neederherge	47.9897040567	7.38918456659
Niedermorschweier, Niedermorschwihr, Niedermorschwihr	48.1007803247	7.25909420396
Niffer, Niffer, Nìfer	47.7142446878	7.49844781169
Oberbruck, Oberbruck, Owerbrucke	47.8191429574	6.92431221811
Oberenzen, Oberentzen, Oweranze	47.9380454434	7.38091455268
Oberhergheim, Oberhergheim, Owerherge	47.9692322968	7.40002707235
Oberlarg, Oberlarg, Oberlàrg	47.4511026465	7.23130338788
Obermorschweier, Obermorschwihr, Owermorschwihr	48.0229740954	7.29540852921
Obermorschweiler, Obermorschwiller, Owermorschwìller	47.6414713368	7.31641739319
Obersaasheim, Obersaasheim, Owersààse	47.9861233303	7.55675214375
Odern, Oderen, Odere	47.9289257101	6.99426460048
Oltingen, Oltingue, Oltige	47.4891564438	7.40057781922
Urbeis, Orbey, (*) Urwes	48.1149528963	7.13503444718
Orschweier, Orschwihr, Orschwihr	47.9378114718	7.22902845686
Osenbach, Osenbach, Osebàch	47.9929199138	7.21660441722
Ostheim, Ostheim, Ostheim	48.157155989	7.37273761525
Ottmarsheim, Ottmarsheim, Ottmersche	47.7858970322	7.49270791037
Kleinlandau, Petit-Landau, Làndài	47.7349039137	7.50750240777
Pfaffenheim, Pfaffenheim, Pfàffene	47.9957150402	7.25987167223
Pfastatt, Pfastatt, Pfàscht	47.7696767881	7.29485630306
Pfetterhausen, Pfetterhouse, Pfatterhüse	47.506686131	7.16823330248
Pulversheim, Pulversheim, Bulwersche	47.8417545163	7.29938600329
Rädersdorf, Raedersdorf, Raderschderf	47.471221085	7.35426920399
Rädersheim, Raedersheim, Radersche	47.8850080179	7.27686829519
Rammersmatt, Rammersmatt, Ràmmerschmàtt	47.7943948271	7.05982977679
Ranspach, Ranspach, Rànschbàch	47.9046781432	7.02202271046
Niederranspach, Ranspach-le-Bas, Neederraischbe	47.5873905973	7.44587984681
Oberranspach, Ranspach-le-Haut, Oberraispe	47.5802864143	7.42000987982
Rantsweiler, Rantzwiller, Rànzwiller	47.6488310607	7.37119412138
Regisheim, Réguisheim, Rexe	47.891760126	7.37115549029
Reiningen, Reiningue, Rainige	47.7554724889	7.22032709078
Retzweiler, Retzwiller, Ratzwìller	47.6292733626	7.08760761112
Rappoltsweiler, Ribeauvillé, Ràppschwihr	48.2065139236	7.28672468283
Reichweiler, Richwiller, Richwiller	47.7845885966	7.28219452046
Riedisheim, Riedisheim, Riedese	47.7396931501	7.36582056128
Riespach, Riespach, Rieschbi	47.5364456332	7.28849736143
Rimbach, Rimbach-près-Guebwiller, Rìmbàch	47.9044113934	7.15327700335
Rimbach, Rimbach-près-Masevaux, Rìmbàch	47.8345267818	6.94187078441
Rimbachzell, Rimbachzell, Rìmbàchzall	47.8979516563	7.17356848558
Reichenweier, Riquewihr, Richewihr	48.1787804995	7.27259187393
Rixheim, Rixheim, Rìxe	47.7495819243	7.4072406005
Rodern, Roderen, Rodre	47.7778631956	7.08771577439
Rodern, Rodern, Rodre	48.237574913	7.31340839704
Roggenhausen, Roggenhouse, Roggehüse	47.8849153208	7.47508030097
Willern, Romagny, (*) Romààni	47.6112014535	7.06778027681
Deutsch-Rumbach, Rombach-le-Franc, (*) Rumbach	48.2933550805	7.24348639747
Roppenzweiler, Roppentzwiller, Roppezwiller	47.5373715057	7.32986002204
Rorschweier, Rorschwihr, Rorschwihr	48.219003777	7.36549943321
Rosenau, Rosenau, Rosenöi	47.6388184393	7.54215519701
Rufach, Rouffach, Rufàch	47.9688422434	7.27338874141
Rüderbach, Ruederbach, Rüederbi	47.5556783925	7.25778215672
Rülisheim, Ruelisheim, Rüelese	47.8223744559	7.35273202444
Rüstenhart, Rustenhart, Reschehart	47.9412962955	7.47468006803
Rumersheim, Rumersheim-le-Haut, Rümersche	47.8531681217	7.51760806653
Sankt Amarin, Saint-Amarin, Sàntàmàrì	47.887678929	7.04124424443
Sankt Cosman, Saint-Cosme, (*) Sàm Koschma	47.680928319	7.0534744668
Sankt Kreuz im Lebertal, Sainte-Croix-aux-Mines, (*) Sànkriz	48.2683101517	7.20845022023
Heiligkreuz, Sainte-Croix-en-Plaine, Heilikriz	48.0108373364	7.39448245044
Sankt Pilt, Saint-Hippolyte, Sampìlt	48.2386537498	7.34591217
Sankt Ludwig, Saint-Louis, Saint-Louis	47.6016553367	7.54061872745
Sankt Ludwig, Saint-Louis, Saint-Louis	47.6016553367	7.54061872745
Sankt Ludwig, Saint-Louis, Saint-Louis	47.6016553367	7.54061872745
Markirch, Sainte-Marie-aux-Mines, Màrkirich	48.2285762223	7.16926143657
Markirch, Sainte-Marie-aux-Mines, Màrkirich	48.2285762223	7.16926143657
Sankt Ulrich, Saint-Ulrich, Sant Üelri	47.5906419624	7.11252849143
Sausheim, Sausheim, Sàise	47.7824980107	7.40065794746
Schlierbach, Schlierbach, Schlierbi	47.6843290932	7.43002796283
Schweighausen bei Thann, Schweighouse-Thann, Schwaighüse-Thànn	47.7488667079	7.17549476358
Schwoben, Schwoben, Schwobe	47.6075218956	7.29884312664
Sentheim, Sentheim, Sante	47.7544037886	7.05013965143
Niedersept, Seppois-le-Bas, Sept	47.5376133947	7.16814388588
Obersept, Seppois-le-Haut, Obersept	47.5306368424	7.189321425
Sewen, Sewen, Seewe	47.8075577891	6.88027043152
Sickert, Sickert, Seekert	47.7919119213	6.98580589371
Sierenz, Sierentz, Sierez	47.6620198901	7.46670295254
Sondernach, Sondernach, Sundernà	47.9778345263	7.07407441215
Sondersdorf, Sondersdorf, Sungerschderf	47.4773648942	7.33375593304
Niedersulzbach, Soppe-le-Bas, Needersulzbàch	47.7187563607	7.09111895183
Sulz, Soultz-Haut-Rhin, Sulz	47.8827772059	7.17897878271
Bad Sulzbach, Soultzbach-les-Bains, Sulzbàch	48.0284078615	7.20442898654
Sulzern, Soultzeren, Sulzere	48.0828918874	7.09256896947
Sulzmatt, Soultzmatt, Sulzmàtt	47.9701032152	7.21175482373
Sulzmatt, Soultzmatt, Sulzmàtt	47.9701032152	7.21175482373
Staffelfelden, Staffelfelden, Stàffelfalde	47.82743014	7.25320289915
Steinbach, Steinbach, Staibàch	47.8218078225	7.13920916637
Niedersteinbrunn, Steinbrunn-le-Bas, Niederstaibrunn	47.6760725505	7.36407535682
Obersteinbrunn, Steinbrunn-le-Haut, Oberstaibrunn	47.6599109756	7.34109225666
Steinsulz, Steinsoultz, Staiselz	47.5583266561	7.34658107092
Sternenberg, Sternenberg, Starnebarg	47.6949071937	7.09088157788
Stetten, Stetten, Stette	47.6236636155	7.41905540349
Storkensauen, Storckensohn, Storksoh	47.8640611767	6.94243466248
Stoßweier, Stosswihr, Stooswihr	48.0552314981	7.06088975747
Strüth, Strueth, Strüeth	47.5748861351	7.11500184209
Sundhofen, Sundhoffen, Sundhofe	48.0428411663	7.42194556181
Tagolsheim, Tagolsheim, Dàgelse	47.6548634844	7.26381080113
Tagsdorf, Tagsdorf, Tàgsdorf	47.6202385096	7.30048484717
Thann, Thann, Dànn	47.8139111281	7.09502457233
Thannenkirch, Thannenkirch, Dànnekìrich	48.2332519272	7.29366733491
Niedertraubach, Traubach-le-Bas, Needertröibàch	47.655039001	7.0935498603
Obertraubach, Traubach-le-Haut, Ewertröibàch	47.6706097792	7.09565668471
Türkheim, Turckheim, Tìrke	48.0865424063	7.25076356699
Überstrass, Ueberstrass, Iwerstrooss	47.5461126358	7.15301367289
Uffheim, Uffheim, Üffe	47.6442489721	7.43802014569
Uffholz, Uffholtz, Üffholz	47.829286972	7.16505941718
Ungersheim, Ungersheim, Ungersche	47.8739838916	7.30532668717
Urbis, Urbès, Urwes	47.8802074294	6.92848396998
Urschenheim, Urschenheim, Ürsche	48.0805859963	7.49120640493
Altpfirt, Vieux-Ferrette, Àlt-Pfìrt	47.5090177967	7.30400844003
Altthann, Vieux-Thann, Àlt-Dànn	47.8045241371	7.12730997069
Neudorf b. Hüningen, Village-Neuf, Neidorf	47.6099200713	7.56836021504
Vögtlinshofen, Vœgtlinshoffen, Vegelshofe	48.0241428176	7.26224403842
Vogelgrün, Vogelgrun, Vogelgrien	48.0108661539	7.58453738137
Volgelsheim, Volgelsheim, Volgelse	48.0238611459	7.54413370142
Wahlbach, Wahlbach, Wàhlbi	47.6297810488	7.34645616735
Walbach, Walbach, Wàlbàch	48.0704719047	7.20730643508
Waldighofen, Waldighofen, Wàldighofe	47.5469824081	7.3170216886
Walheim, Walheim, Wàhle	47.6407985178	7.27039450439
Waltenheim, Waltenheim, Wàltene	47.6556165524	7.42289070727
Wasserburg, Wasserbourg, Wàsserburig	47.9974106564	7.1537562966
Wattweiler, Wattwiller, Wàttwiller	47.8421539165	7.17527188812
Weckolsheim, Weckolsheim, Wackelse	48.0035606232	7.49800748783
Wegscheid, Wegscheid, Wagschaid	47.8152049638	6.97607709071
Wenzweiler, Wentzwiller, Wanzwìller	47.5482319467	7.4737014861
Werenzhausen, Werentzhouse, Werenzhüse	47.5212216996	7.36266032447
Westhalten, Westhalten, Waschthàlte	47.9673816891	7.25470437901
Wettolsheim, Wettolsheim, Wettelse	48.0520194892	7.30680140883
Wickerschweier, Wickerschwihr, Wickerschwìhr	48.1109299734	7.4394034579
Wiedensohlen, Widensolen, Widsole	48.0579869802	7.48257799635
Weier im Thal, Wihr-au-Val, Wihr ìm Dàl	48.0553731067	7.19720465805
Wildenstein, Wildenstein, Wìldestai	47.9878413195	6.96483383712
Weiler, Willer, Willer	47.5795307202	7.32499387503
Weiler, Willer-sur-Thur, Willer	47.8518062106	7.0803395975
Winkel, Winkel, Wìnkel	47.4588691493	7.26354708265
Winzenheim, Wintzenheim, Winzene	48.0635575339	7.27168140769
Winzenheim, Wintzenheim, Winzene	48.0635575339	7.27168140769
Wittelsheim, Wittelsheim, Wittelse	47.7987366521	7.24011099826
Wittenheim, Wittenheim, Wittene	47.8102988155	7.31251407267
Wittersdorf, Wittersdorf, Witterschdorf	47.6161807189	7.27312864168
Wolfersdorf, Wolfersdorf, Wolferschdorf	47.6430195312	7.10646234685
Wolfganzen, Wolfgantzen, Wolfgàntze	48.0282556276	7.49703519039
Wolschweiler, Wolschwiller, Wolschwìller	47.4562913245	7.40696039971
Wünheim, Wuenheim, Wüene	47.8689114622	7.18554578054
Zässingen, Zaessingue, Zäsige	47.6197053459	7.37256538622
Zellenberg, Zellenberg, Zallebari	48.1735139596	7.34011573543
Zillisheim, Zillisheim, Zìlse	47.6858083083	7.30319308149
Zimmerbach, Zimmerbach, Zìmmerbàch	48.0745599556	7.23005041952
Zimmersheim, Zimmersheim, Zìmmersche	47.7187838073	7.38181973945
Schönenberg, Belmont, (*)	47.7810349094	6.49795396276
Kestenholz, Châtenois, Keschteholz	47.6842959157	6.31922142817
Menglatt, Magny, (*) Màngloot	47.5280243494	6.4414267438
Dammerkirch, Dannemarie, Dàmmerkìlch	48.7639707435	1.60896965722
Sennheim, Cernay, Sanne	46.8366061305	0.301673883746
Kestenholz, Châtenois, Keschteholz	48.309318088	5.82646017052
Kestenholz, Châtenois, Keschteholz	48.309318088	5.82646017052
Menglatt, Magny, (*) Màngloot	47.4703684401	3.97088291518
Sankt Moritz, Saint-Maurice, (*)	48.8184921372	2.4374501342
Sankt Ludwig, Saint-Louis, Saint-Louis	15.9659560448	-61.275417015
Sankt Peter, Saint-Pierre, Sampeeter	14.7748596787	-61.1724905513
Sankt Ludwig, Saint-Louis, Saint-Louis	-21.2339268494	55.4213388686
Sankt Ludwig, Saint-Louis, Saint-Louis	-21.2339268494	55.4213388686
Sankt Ludwig, Saint-Louis, Saint-Louis	-21.2339268494	55.4213388686
Sankt Peter, Saint-Pierre, Sampeeter	-21.3123242427	55.4936155164
Sankt Peter, Saint-Pierre, Sampeeter	-21.3123242427	55.4936155164
Sankt Peter, Saint-Pierre, Sampeeter	-21.3123242427	55.4936155164
Sankt Peter, Saint-Pierre, Sampeeter	-21.3123242427	55.4936155164
Sankt Peter, Saint-Pierre, Sampeeter	-21.3123242427	55.4936155164
Sankt Peter, Saint-Pierre, Sampeeter	-21.3123242427	55.4936155164
Sankt Peter, Saint-Pierre, Sampeeter	-21.3123242427	55.4936155164
